"chrom","start","end","label","genomeScore"
"chrX",48603696,48603716,"non_Functional",0.309293525609354
"chrX",48603736,48603756,"non_Functional",0.1129835952895
"chrX",48603765,48603785,"non_Functional",-0.155626048223082
"chrX",48605344,48605364,"non_Functional",0.0534249691760749
"chrX",48605807,48605827,"non_Functional",0.217891885829788
"chrX",48605855,48605875,"non_Functional",-0.466007071727233
"chrX",48605868,48605888,"non_Functional",-0.969274408211844
"chrX",48605908,48605928,"non_Functional",-0.61907342866919
"chrX",48605909,48605929,"non_Functional",-0.528034538798806
"chrX",48605943,48605963,"non_Functional",0.627391175138014
"chrX",48605944,48605964,"non_Functional",0.0411239825595359
"chrX",48605966,48605986,"non_Functional",-0.519073781647404
"chrX",48606015,48606035,"non_Functional",-1.25174882885356
"chrX",48606026,48606046,"non_Functional",0.564586038249287
"chrX",48606074,48606094,"non_Functional",-1.10364665591628
"chrX",48606075,48606095,"non_Functional",0.0515729520624037
"chrX",48606157,48606177,"non_Functional",-0.451639570072758
"chrX",48606415,48606435,"non_Functional",-0.146654564640572
"chrX",48606423,48606443,"non_Functional",-0.479353487580959
"chrX",48606477,48606497,"non_Functional",0.771876727514252
"chrX",48606478,48606498,"non_Functional",-0.605987889749123
"chrX",48606484,48606504,"non_Functional",0.124653103588338
"chrX",48606500,48606520,"non_Functional",-0.371954982915529
"chrX",48606918,48606938,"non_Functional",-0.167924769158186
"chrX",48607003,48607023,"non_Functional",-0.927931922158202
"chrX",48607047,48607067,"non_Functional",0.650208817629207
"chrX",48607055,48607075,"non_Functional",0.362539127092575
"chrX",48607062,48607082,"non_Functional",0.746490503524426
"chrX",48607093,48607113,"non_Functional",-0.0512753958052759
"chrX",48607219,48607239,"non_Functional",0.328343327796413
"chrX",48607267,48607287,"non_Functional",-0.276380985511252
"chrX",48607268,48607288,"non_Functional",-1.06282503687486
"chrX",48607289,48607309,"non_Functional",0.652402517631616
"chrX",48607290,48607310,"non_Functional",0.79545297731576
"chrX",48607312,48607332,"non_Functional",0.555377911717527
"chrX",48607652,48607672,"non_Functional",0.548450315106236
"chrX",48607662,48607682,"non_Functional",-1.02081927235749
"chrX",48607709,48607729,"non_Functional",-0.223296260984012
"chrX",48607753,48607773,"non_Functional",0.424600753641802
"chrX",48607848,48607868,"non_Functional",-0.0917418116054307
"chrX",48609830,48609850,"non_Functional",0.333605404086722
"chrX",48610151,48610171,"non_Functional",-0.292478943035849
"chrX",48610178,48610198,"non_Functional",-0.597973680113799
"chrX",48610178,48610198,"non_Functional",-0.186231846920078
"chrX",48610187,48610207,"non_Functional",-0.324870292194125
"chrX",48610291,48610311,"non_Functional",0.453448179863453
"chrX",48610349,48610369,"non_Functional",-0.425978891332015
"chrX",48610401,48610421,"non_Functional",1.45944600106251
"chrX",48610446,48610466,"non_Functional",-0.51060387101154
"chrX",48610536,48610556,"non_Functional",0.218895090663079
"chrX",48610543,48610563,"non_Functional",-0.486157571542812
"chrX",48610565,48610585,"non_Functional",-0.346909738421577
"chrX",48610799,48610819,"non_Functional",-0.30484101855212
"chrX",48610840,48610860,"non_Functional",-0.235966485966558
"chrX",48610861,48610881,"non_Functional",-0.353190657245523
"chrX",48610875,48610895,"non_Functional",0.0125493385278665
"chrX",48610882,48610902,"non_Functional",-0.59043269310249
"chrX",48610898,48610918,"non_Functional",0.303514420287599
"chrX",48610928,48610948,"non_Functional",-0.69475956196094
"chrX",48611171,48611191,"non_Functional",-0.955410291161213
"chrX",48611172,48611192,"non_Functional",0.210442935957497
"chrX",48611191,48611211,"non_Functional",-0.413447086031882
"chrX",48611222,48611242,"non_Functional",0.0201435300832188
"chrX",48611408,48611428,"non_Functional",-0.152198838488103
"chrX",48611735,48611755,"non_Functional",-0.27213914732828
"chrX",48611767,48611787,"non_Functional",0.0762051926947066
"chrX",48611824,48611844,"non_Functional",-0.208057494972539
"chrX",48611897,48611917,"non_Functional",-0.205026783541064
"chrX",48611911,48611931,"non_Functional",-0.396804456556659
"chrX",48611975,48611995,"non_Functional",-0.665927017671659
"chrX",48612130,48612150,"non_Functional",0.129963424252419
"chrX",48612145,48612165,"non_Functional",0.281251867788385
"chrX",48612222,48612242,"non_Functional",-0.133185239051069
"chrX",48612254,48612274,"non_Functional",-1.02325456006276
"chrX",48612271,48612291,"non_Functional",0.257746918913161
"chrX",48612348,48612368,"non_Functional",-0.0384595409909679
"chrX",48612349,48612369,"non_Functional",-0.268982986360806
"chrX",48612359,48612379,"non_Functional",-0.357747397925306
"chrX",48612369,48612389,"non_Functional",-0.601032726161011
"chrX",48612487,48612507,"non_Functional",-0.0552898866556648
"chrX",48612497,48612517,"non_Functional",-0.160015583682233
"chrX",48612518,48612538,"non_Functional",-0.0681883331784342
"chrX",48612519,48612539,"non_Functional",0.0325866182476158
"chrX",48612581,48612601,"non_Functional",-0.527960341459724
"chrX",48612664,48612684,"non_Functional",0.0323401240961759
"chrX",48612674,48612694,"non_Functional",-0.327052254140817
"chrX",48612728,48612748,"non_Functional",0.404889088567941
"chrX",48612768,48612788,"non_Functional",-0.688204645743184
"chrX",48612776,48612796,"non_Functional",-0.0394884974849017
"chrX",48612778,48612798,"non_Functional",0.153922636346471
"chrX",48612821,48612841,"non_Functional",-0.07049272147903
"chrX",48612822,48612842,"non_Functional",2.21389633415721
"chrX",48612844,48612864,"non_Functional",-0.14882970280032
"chrX",48612854,48612874,"non_Functional",-0.135117822418876
"chrX",48612876,48612896,"non_Functional",-0.604722849471194
"chrX",48612893,48612913,"non_Functional",-0.672282361557321
"chrX",48612908,48612928,"non_Functional",-0.294882388706953
"chrX",48612950,48612970,"non_Functional",-0.394975346244516
"chrX",48612982,48613002,"non_Functional",0.585848120027593
"chrX",48613008,48613028,"non_Functional",-0.481186567435467
"chrX",48613019,48613039,"non_Functional",-0.348520844893011
"chrX",48613040,48613060,"non_Functional",-0.104946368048058
"chrX",48613072,48613092,"non_Functional",0.242766100636863
"chrX",48613232,48613252,"non_Functional",0.100829712492648
"chrX",48613350,48613370,"non_Functional",-0.119880682442108
"chrX",48613382,48613402,"non_Functional",-0.558663467428499
"chrX",48613596,48613616,"non_Functional",0.170573563849483
"chrX",48613606,48613626,"non_Functional",0.331649425095819
"chrX",48613754,48613774,"non_Functional",-0.454961351565192
"chrX",48613794,48613814,"non_Functional",-0.436544085832243
"chrX",48613897,48613917,"non_Functional",-0.667831306028318
"chrX",48614382,48614402,"non_Functional",-0.201057800179344
"chrX",48614398,48614418,"non_Functional",0.147306724580514
"chrX",48614431,48614451,"non_Functional",0.291948612668302
"chrX",48614574,48614594,"non_Functional",-0.767651749069625
"chrX",48614575,48614595,"non_Functional",-0.435316767391115
"chrX",48614715,48614735,"non_Functional",-0.448447152976343
"chrX",48614748,48614768,"non_Functional",0.362470515043181
"chrX",48614830,48614850,"non_Functional",-0.795568517816461
"chrX",48614912,48614932,"non_Functional",0.385748077568229
"chrX",48615009,48615029,"non_Functional",0.446168948105748
"chrX",48616130,48616150,"non_Functional",-0.159350351509218
"chrX",48616133,48616153,"non_Functional",0.335323832899957
"chrX",48616606,48616626,"non_Functional",-0.282749399521776
"chrX",48616679,48616699,"non_Functional",-0.536342837314774
"chrX",48616973,48616993,"non_Functional",0.816481393510523
"chrX",48617022,48617042,"non_Functional",-0.0819414386029615
"chrX",48617144,48617164,"non_Functional",-0.189302389783203
"chrX",48617215,48617235,"non_Functional",-0.313461462502041
"chrX",48617240,48617260,"non_Functional",-0.0450955896549119
"chrX",48617260,48617280,"non_Functional",-0.284937266698652
"chrX",48617614,48617634,"non_Functional",0.73588186783914
"chrX",48617837,48617857,"non_Functional",0.628110361958678
"chrX",48617898,48617918,"non_Functional",-0.128058839563756
"chrX",48617949,48617969,"non_Functional",0.520745680960767
"chrX",48617969,48617989,"non_Functional",-0.116987030577268
"chrX",48617970,48617990,"non_Functional",-0.0122018799232913
"chrX",48617990,48618010,"non_Functional",-0.0468287556313689
"chrX",48618061,48618081,"non_Functional",0.0918930263893975
"chrX",48618097,48618117,"non_Functional",1.15359069680097
"chrX",48618653,48618673,"non_Functional",0.23634929573012
"chrX",48618956,48618976,"non_Functional",0.258009856314073
"chrX",48618957,48618977,"non_Functional",-0.587947663120309
"chrX",48619000,48619020,"non_Functional",-0.453674471451834
"chrX",48619496,48619516,"non_Functional",0.0813315498467969
"chrX",48619618,48619638,"non_Functional",-0.193014500050359
"chrX",48620004,48620024,"non_Functional",0.231909867519505
"chrX",48620115,48620135,"non_Functional",0.486153085100977
"chrX",48620124,48620144,"non_Functional",0.663549043573754
"chrX",48620129,48620149,"non_Functional",1.66216661050348
"chrX",48620140,48620160,"non_Functional",-0.0455201216683608
"chrX",48620151,48620171,"non_Functional",0.710619709191964
"chrX",48620151,48620171,"non_Functional",1.74186197175607
"chrX",48620190,48620210,"non_Functional",0.191619798810242
"chrX",48620191,48620211,"non_Functional",0.490169388497291
"chrX",48620224,48620244,"non_Functional",-0.0483893032852811
"chrX",48620256,48620276,"non_Functional",-0.198849793149488
"chrX",48620330,48620350,"non_Functional",0.86827585214938
"chrX",48620412,48620432,"non_Functional",-0.0330789583185235
"chrX",48620413,48620433,"non_Functional",0.153741552297385
"chrX",48620417,48620437,"non_Functional",0.205771011979381
"chrX",48620418,48620438,"non_Functional",-0.484982454759401
"chrX",48620479,48620499,"non_Functional",-0.367471133215237
"chrX",48620485,48620505,"non_Functional",-0.157046394061331
"chrX",48620545,48620565,"non_Functional",0.0270622340474454
"chrX",48620546,48620566,"non_Functional",0.947312220990179
"chrX",48620611,48620631,"non_Functional",0.0581514989192851
"chrX",48620623,48620643,"non_Functional",0.854157250438529
"chrX",48620630,48620650,"non_Functional",0.489512745687575
"chrX",48620718,48620738,"non_Functional",0.203097107855172
"chrX",48621282,48621302,"non_Functional",0.307021001345266
"chrX",48621286,48621306,"non_Functional",0.661049343610286
"chrX",48621317,48621337,"non_Functional",-0.0857050635273447
"chrX",48621333,48621353,"non_Functional",-0.0349217810290802
"chrX",48621340,48621360,"non_Functional",0.333766194397123
"chrX",48621361,48621381,"non_Functional",-0.713296243578936
"chrX",48621362,48621382,"non_Functional",-0.138428452816213
"chrX",48621532,48621552,"non_Functional",-0.0355796015165119
"chrX",48621532,48621552,"non_Functional",-0.131109761168082
"chrX",48621784,48621804,"non_Functional",-0.00940875673282004
"chrX",48622205,48622225,"non_Functional",-0.328693532945265
"chrX",48622616,48622636,"non_Functional",-0.497949655080085
"chrX",48622631,48622651,"non_Functional",0.0481496480847514
"chrX",48622637,48622657,"non_Functional",-0.328979025871811
"chrX",48622658,48622678,"non_Functional",-0.414735606202781
"chrX",48622680,48622700,"non_Functional",0.0624096444607036
"chrX",48622998,48623018,"non_Functional",-0.0308005675919283
"chrX",48623069,48623089,"non_Functional",-0.0885110749551411
"chrX",48623085,48623105,"non_Functional",0.169519638827164
"chrX",48623408,48623428,"non_Functional",0.357165234689871
"chrX",48623417,48623437,"non_Functional",0.478745553477124
"chrX",48623537,48623557,"non_Functional",0.81052060694529
"chrX",48623551,48623571,"non_Functional",0.110448338400844
"chrX",48624054,48624074,"non_Functional",-0.0339492416621237
"chrX",48624055,48624075,"non_Functional",0.204622169833514
"chrX",48624132,48624152,"non_Functional",-1.25637231042048
"chrX",48624141,48624161,"non_Functional",-0.714749632392698
"chrX",48624187,48624207,"non_Functional",0.0050186068964421
"chrX",48624504,48624524,"non_Functional",-0.137144835009291
"chrX",48624513,48624533,"non_Functional",0.0665133058990069
"chrX",48624623,48624643,"non_Functional",0.637813329863549
"chrX",48625246,48625266,"non_Functional",0.183975030551381
"chrX",48625248,48625268,"non_Functional",0.316383768551134
"chrX",48625249,48625269,"non_Functional",-0.365931468113602
"chrX",48625425,48625445,"non_Functional",-0.624191495341446
"chrX",48625963,48625983,"non_Functional",-0.314550188267491
"chrX",48625967,48625987,"non_Functional",-0.215810112640872
"chrX",48626361,48626381,"non_Functional",-0.336861018350226
"chrX",48626630,48626650,"non_Functional",2.48610350765533
"chrX",48626870,48626890,"non_Functional",-0.350360107471198
"chrX",48626898,48626918,"non_Functional",-0.402055997679379
"chrX",48626905,48626925,"non_Functional",-0.194718521797478
"chrX",48627569,48627589,"non_Functional",-0.619020463135948
"chrX",48627573,48627593,"non_Functional",-0.638054227872546
"chrX",48627574,48627594,"non_Functional",0.129708819788709
"chrX",48628344,48628364,"non_Functional",-0.233049368818919
"chrX",48628731,48628751,"non_Functional",0.563630468620248
"chrX",48628734,48628754,"non_Functional",0.481080178447755
"chrX",48628763,48628783,"non_Functional",0.231971285185977
"chrX",48628764,48628784,"non_Functional",0.459707880724285
"chrX",48628835,48628855,"non_Functional",-0.526889865570152
"chrX",48628841,48628861,"non_Functional",0.0273640617983315
"chrX",48628889,48628909,"non_Functional",0.0926301471364032
"chrX",48628965,48628985,"non_Functional",0.602742476222426
"chrX",48628965,48628985,"non_Functional",-0.0165513932067339
"chrX",48629175,48629195,"non_Functional",0.958876356112963
"chrX",48629274,48629294,"non_Functional",0.049387874065469
"chrX",48629329,48629349,"non_Functional",1.9398217072014
"chrX",48629345,48629365,"non_Functional",-0.372373716924241
"chrX",48629374,48629394,"non_Functional",-0.241065705259906
"chrX",48629414,48629434,"non_Functional",0.029640121601298
"chrX",48629443,48629463,"non_Functional",2.12988854317244
"chrX",48629455,48629475,"non_Functional",-0.280858125132912
"chrX",48629476,48629496,"non_Functional",0.12154581211848
"chrX",48629494,48629514,"non_Functional",0.111779880172345
"chrX",48629565,48629585,"non_Functional",0.317778039841931
"chrX",48629586,48629606,"non_Functional",-0.375662948010914
"chrX",48631058,48631078,"non_Functional",-1.02864777747549
"chrX",48631070,48631090,"non_Functional",0.100649636457035
"chrX",48631117,48631137,"non_Functional",-0.400306987265912
"chrX",48631156,48631176,"non_Functional",-0.457595209645615
"chrX",48631211,48631231,"non_Functional",0.105211874495463
"chrX",48631718,48631738,"non_Functional",-0.761870921174469
"chrX",48631719,48631739,"non_Functional",-0.143347950987632
"chrX",48631729,48631749,"non_Functional",0.00641340294986353
"chrX",48631739,48631759,"non_Functional",-0.270320509666032
"chrX",48631740,48631760,"non_Functional",-0.390068295641264
"chrX",48631755,48631775,"non_Functional",0.0640705239865696
"chrX",48631792,48631812,"non_Functional",0.0958236275153374
"chrX",48631846,48631866,"non_Functional",-0.0935507248104741
"chrX",48631883,48631903,"non_Functional",-0.408847223926008
"chrX",48631940,48631960,"non_Functional",-0.360519354573115
"chrX",48631972,48631992,"non_Functional",1.08675710807904
"chrX",48631972,48631992,"non_Functional",-0.0905877424845709
"chrX",48631977,48631997,"non_Functional",0.142834610229434
"chrX",48631978,48631998,"non_Functional",-0.436202669728111
"chrX",48631988,48632008,"non_Functional",-0.0988020115742714
"chrX",48632005,48632025,"non_Functional",0.514146215721848
"chrX",48632046,48632066,"non_Functional",-0.461108945516924
"chrX",48632164,48632184,"non_Functional",0.36273837399585
"chrX",48632177,48632197,"non_Functional",0.0844528873115374
"chrX",48632185,48632205,"non_Functional",-0.469405991242815
"chrX",48632211,48632231,"non_Functional",1.41005504554659
"chrX",48632343,48632363,"non_Functional",-1.1595091971957
"chrX",48632352,48632372,"non_Functional",-0.0147792940060215
"chrX",48632358,48632378,"non_Functional",-0.992658517314548
"chrX",48632591,48632611,"non_Functional",0.584585549572073
"chrX",48632681,48632701,"non_Functional",-0.372408464545798
"chrX",48632684,48632704,"non_Functional",0.238495271222459
"chrX",48632698,48632718,"non_Functional",0.209206744595291
"chrX",48632766,48632786,"non_Functional",0.0339852323116056
"chrX",48633147,48633167,"non_Functional",-0.191301135767913
"chrX",48633153,48633173,"non_Functional",-0.201505787426839
"chrX",48633292,48633312,"non_Functional",0.126289917756174
"chrX",48633331,48633351,"non_Functional",0.380930542100742
"chrX",48633339,48633359,"non_Functional",-0.172218559092229
"chrX",48633343,48633363,"non_Functional",0.0484809043603128
"chrX",48633348,48633368,"non_Functional",-0.0617793739650698
"chrX",48633353,48633373,"non_Functional",-0.763683069897654
"chrX",48633363,48633383,"non_Functional",-0.717552204730025
"chrX",48633408,48633428,"non_Functional",0.125157542478741
"chrX",48633517,48633537,"non_Functional",-0.564060649948117
"chrX",48633557,48633577,"non_Functional",-0.213165692204328
"chrX",48634214,48634234,"non_Functional",-0.370545607040296
"chrX",48634273,48634293,"non_Functional",-0.0786543900773837
"chrX",48634483,48634503,"non_Functional",-0.59979180120876
"chrX",48634486,48634506,"non_Functional",-0.262914848809914
"chrX",48634696,48634716,"non_Functional",-0.608107693760938
"chrX",48634757,48634777,"non_Functional",-0.153931790369559
"chrX",48634831,48634851,"non_Functional",-0.641075674366638
"chrX",48635153,48635173,"non_Functional",0.0776087639053917
"chrX",48635273,48635293,"non_Functional",0.201106877631458
"chrX",48635541,48635561,"non_Functional",0.342012999791625
"chrX",48635652,48635672,"non_Functional",0.384607861321677
"chrX",48635697,48635717,"non_Functional",-0.449788165403642
"chrX",48635743,48635763,"non_Functional",-0.262598371607379
"chrX",48635795,48635815,"non_Functional",0.277027109806451
"chrX",48635798,48635818,"non_Functional",-0.366412753991595
"chrX",48635945,48635965,"non_Functional",0.712589893466959
"chrX",48635963,48635983,"non_Functional",-0.142622664522269
"chrX",48636103,48636123,"non_Functional",-0.142428049473553
"chrX",48636746,48636766,"non_Functional",-0.406161641941391
"chrX",48636872,48636892,"non_Functional",0.0212537642420965
"chrX",48638010,48638030,"non_Functional",0.23127904323755
"chrX",48639753,48639773,"non_Functional",0.87290888790777
"chrX",48639761,48639781,"non_Functional",-0.075883219334173
"chrX",48639920,48639940,"non_Functional",0.280611731592984
"chrX",48640056,48640076,"non_Functional",-0.0884511846837814
"chrX",48640456,48640476,"non_Functional",-1.17099878445095
"chrX",48640839,48640859,"non_Functional",0.270132787423917
"chrX",48640880,48640900,"non_Functional",0.795820294395557
"chrX",48641107,48641127,"non_Functional",-0.0961642524413463
"chrX",48641329,48641349,"non_Functional",1.20727930076333
"chrX",48641334,48641354,"non_Functional",0.909109792567427
"chrX",48641334,48641354,"non_Functional",1.43013201412461
"chrX",48641376,48641396,"non_Functional",3.80026526204464
"chrX",48641383,48641403,"non_Functional",2.07433383273688
"chrX",48641392,48641412,"non_Functional",1.69758562337261
"chrX",48641402,48641422,"non_Functional",1.13358885313443
"chrX",48641403,48641423,"non_Functional",3.1183004473281
"chrX",48641475,48641495,"non_Functional",-0.126679087351291
"chrX",48641567,48641587,"non_Functional",2.25508712430855
"chrX",48641715,48641735,"non_Functional",3.13025715526523
"chrX",48641781,48641801,"non_Functional",0.752358711106428
"chrX",48641803,48641823,"non_Functional",0.513690256756588
"chrX",48641809,48641829,"non_Functional",0.258230688681692
"chrX",48641811,48641831,"non_Functional",-0.42171648135892
"chrX",48641949,48641969,"non_Functional",0.953797277344953
"chrX",48641979,48641999,"non_Functional",0.363565936198809
"chrX",48642034,48642054,"non_Functional",0.287712045219249
"chrX",48642038,48642058,"non_Functional",0.788634872675896
"chrX",48643082,48643102,"non_Functional",0.957660723871107
"chrX",48643134,48643154,"non_Functional",0.67809750862202
"chrX",48643153,48643173,"non_Functional",1.31451989990495
"chrX",48643183,48643203,"non_Functional",0.722904622941443
"chrX",48643195,48643215,"non_Functional",0.724161884855935
"chrX",48643204,48643224,"non_Functional",0.700578770905478
"chrX",48643448,48643468,"non_Functional",0.309969078684519
"chrX",48643462,48643482,"non_Functional",0.199342286917424
"chrX",48643508,48643528,"non_Functional",0.293039401881337
"chrX",48643528,48643548,"non_Functional",1.64216542344167
"chrX",48643612,48643632,"non_Functional",1.67196283778378
"chrX",48643629,48643649,"non_Functional",1.61052842109547
"chrX",48643709,48643729,"non_Functional",2.05236452004081
"chrX",48643719,48643739,"non_Functional",0.785568126239864
"chrX",48643799,48643819,"non_Functional",-0.0893531821040541
"chrX",48643818,48643838,"non_Functional",1.88317715123351
"chrX",48644018,48644038,"non_Functional",1.56248669818738
"chrX",48644217,48644237,"non_Functional",2.17495151337098
"chrX",48644264,48644284,"non_Functional",1.82915323788003
"chrX",48644290,48644310,"non_Functional",3.25210861905616
"chrX",48644328,48644348,"non_Functional",1.85395400285305
"chrX",48644337,48644357,"non_Functional",1.66844968411304
"chrX",48644406,48644426,"non_Functional",2.97040881684954
"chrX",48644407,48644427,"non_Functional",1.51702660319256
"chrX",48644490,48644510,"non_Functional",5.12605592839259
"chrX",48644490,48644510,"non_Functional",2.910264465644
"chrX",48644639,48644659,"non_Functional",0.221978605176138
"chrX",48644644,48644664,"non_Functional",-1.0349524510066
"chrX",48644774,48644794,"non_Functional",2.89055463234848
"chrX",48644778,48644798,"non_Functional",2.1899961552254
"chrX",48644843,48644863,"non_Functional",2.16569766815596
"chrX",48644844,48644864,"non_Functional",1.87317800806252
"chrX",48644845,48644865,"non_Functional",0.748256313729046
"chrX",48644971,48644991,"non_Functional",1.12170020436898
"chrX",48644990,48645010,"non_Functional",4.04817259816132
"chrX",48644991,48645011,"non_Functional",4.28948488087025
"chrX",48645012,48645032,"non_Functional",1.39154743650992
"chrX",48645019,48645039,"non_Functional",0.119527469230994
"chrX",48645074,48645094,"non_Functional",1.20718291418394
"chrX",48645113,48645133,"non_Functional",5.27250142647941
"chrX",48645114,48645134,"non_Functional",3.51096868741998
"chrX",48645141,48645161,"non_Functional",1.46981380817796
"chrX",48645166,48645186,"non_Functional",1.00482462908388
"chrX",48645171,48645191,"non_Functional",0.841220168645616
"chrX",48645179,48645199,"non_Functional",4.65596297564898
"chrX",48645303,48645323,"non_Functional",5.42172600168238
"chrX",48645304,48645324,"non_Functional",2.49624734226813
"chrX",48645325,48645345,"non_Functional",3.89579653392836
"chrX",48645340,48645360,"non_Functional",1.48976957545244
"chrX",48645395,48645415,"non_Functional",0.780325171578173
"chrX",48645400,48645420,"non_Functional",2.23287117147119
"chrX",48645401,48645421,"non_Functional",1.11275944458713
"chrX",48645474,48645494,"non_Functional",1.39285674237323
"chrX",48645480,48645500,"non_Functional",3.03361333717796
"chrX",48645536,48645556,"non_Functional",2.07094156301769
"chrX",48645745,48645765,"non_Functional",2.62344280015137
"chrX",48645791,48645811,"non_Functional",2.28792190744999
"chrX",48645924,48645944,"non_Functional",1.49049436748719
"chrX",48645934,48645954,"non_Functional",0.348202415399391
"chrX",48645952,48645972,"non_Functional",2.32770311609877
"chrX",48646017,48646037,"non_Functional",2.93933040970552
"chrX",48646020,48646040,"non_Functional",0.589451166076497
"chrX",48646117,48646137,"non_Functional",2.02142204999339
"chrX",48646118,48646138,"non_Functional",2.0073595013928
"chrX",48646119,48646139,"non_Functional",0.688348674910631
"chrX",48646140,48646160,"non_Functional",0.796832301216866
"chrX",48646141,48646161,"non_Functional",4.2765243102115
"chrX",48646146,48646166,"non_Functional",1.4435279575015
"chrX",48646161,48646181,"non_Functional",0.464569355863856
"chrX",48646196,48646216,"non_Functional",1.76085199869588
"chrX",48646214,48646234,"non_Functional",0.520254205047909
"chrX",48646215,48646235,"non_Functional",1.20633104653906
"chrX",48646216,48646236,"non_Functional",3.63844664642789
"chrX",48646236,48646256,"non_Functional",1.13941072947885
"chrX",48646264,48646284,"non_Functional",0.293502728699794
"chrX",48646273,48646293,"non_Functional",0.438868233531336
"chrX",48646328,48646348,"non_Functional",0.673651135255728
"chrX",48646335,48646355,"non_Functional",0.312672209186753
"chrX",48646347,48646367,"non_Functional",1.63107643692199
"chrX",48646348,48646368,"non_Functional",0.813726455328718
"chrX",48646400,48646420,"non_Functional",0.623728243983214
"chrX",48646423,48646443,"non_Functional",0.80832984024506
"chrX",48646777,48646797,"non_Functional",0.857865239245576
"chrX",48646953,48646973,"non_Functional",0.395497033188977
"chrX",48647014,48647034,"non_Functional",1.56974830485932
"chrX",48647039,48647059,"non_Functional",0.146183636478165
"chrX",48647092,48647112,"non_Functional",1.59060632254172
"chrX",48647151,48647171,"non_Functional",0.907842195654458
"chrX",48647166,48647186,"non_Functional",0.682124336563132
"chrX",48647177,48647197,"non_Functional",0.332095973822375
"chrX",48647184,48647204,"non_Functional",1.72254208977049
"chrX",48647212,48647232,"non_Functional",0.443236868550198
"chrX",48647219,48647239,"non_Functional",0.149746999541211
"chrX",48647261,48647281,"non_Functional",0.574998310128776
"chrX",48647999,48648019,"non_Functional",0.409990685233857
"chrX",48648062,48648082,"non_Functional",1.62816568070044
"chrX",48648088,48648108,"non_Functional",1.26356700071109
"chrX",48648185,48648205,"non_Functional",0.0224012035846172
"chrX",48648217,48648237,"non_Functional",0.884586415932736
"chrX",48648218,48648238,"non_Functional",1.24689417249526
"chrX",48648257,48648277,"non_Functional",2.21709119307997
"chrX",48648300,48648320,"non_Functional",-0.246247253735463
"chrX",48648313,48648333,"non_Functional",0.55900915294175
"chrX",48648314,48648334,"non_Functional",-0.2411464954332
"chrX",48648321,48648341,"non_Functional",0.765682008079962
"chrX",48648323,48648343,"non_Functional",1.89426143133834
"chrX",48648330,48648350,"non_Functional",0.285401175432066
"chrX",48648335,48648355,"non_Functional",-0.0152017099650305
"chrX",48648548,48648568,"non_Functional",0.340451837374423
"chrX",48649257,48649277,"non_Functional",0.405992882211318
"chrX",48649258,48649278,"non_Functional",0.984579267288164
"chrX",48649484,48649504,"non_Functional",-0.0990058079914213
"chrX",48649497,48649517,"non_Functional",0.182710075626291
"chrX",48649563,48649583,"non_Functional",1.42514756666021
"chrX",48649585,48649605,"non_Functional",-0.194412927377284
"chrX",48649587,48649607,"non_Functional",0.902579035992552
"chrX",48649600,48649620,"non_Functional",1.08728256597261
"chrX",48649630,48649650,"non_Functional",1.04764289657133
"chrX",48649695,48649715,"non_Functional",-0.104756776812566
"chrX",48649714,48649734,"non_Functional",0.131817324141233
"chrX",48649721,48649741,"non_Functional",2.27618243409687
"chrX",48649761,48649781,"non_Functional",0.410009960868358
"chrX",48649770,48649790,"non_Functional",0.599007840278145
"chrX",48649780,48649800,"non_Functional",-0.166431245272299
"chrX",48649790,48649810,"non_Functional",3.29000783401164
"chrX",48649800,48649820,"non_Functional",-0.480680357850238
"chrX",48649909,48649929,"non_Functional",0.0536860349464124
"chrX",48649935,48649955,"non_Functional",0.0262556843836306
"chrX",48649945,48649965,"non_Functional",0.448248842157285
"chrX",48649948,48649968,"non_Functional",-0.183285153062968
"chrX",48650015,48650035,"non_Functional",-0.533802015946821
"chrX",48650059,48650079,"non_Functional",-0.188215218410705
"chrX",48650092,48650112,"non_Functional",-0.0804219905620007
"chrX",48650140,48650160,"non_Functional",-0.0569536187847583
"chrX",48650141,48650161,"non_Functional",-0.462709670760221
"chrX",48650142,48650162,"non_Functional",-0.0366690343302294
"chrX",48650156,48650176,"non_Functional",1.17684735716573
"chrX",48650186,48650206,"non_Functional",1.56833795088126
"chrX",48650244,48650264,"non_Functional",0.814604310621342
"chrX",48650245,48650265,"non_Functional",0.00450774179822361
"chrX",48650246,48650266,"non_Functional",0.167147817320271
"chrX",48650260,48650280,"non_Functional",0.354183171138673
"chrX",48650295,48650315,"non_Functional",0.754118960989226
"chrX",48650296,48650316,"non_Functional",-0.199020077604306
"chrX",48650312,48650332,"non_Functional",-0.213681608090983
"chrX",48650313,48650333,"non_Functional",0.119616989250579
"chrX",48650322,48650342,"non_Functional",0.588520426131468
"chrX",48650345,48650365,"non_Functional",0.424135394056569
"chrX",48650349,48650369,"non_Functional",0.554589536898422
"chrX",48650363,48650383,"non_Functional",0.358142470720913
"chrX",48650501,48650521,"non_Functional",-0.110189786904677
"chrX",48650506,48650526,"non_Functional",0.959150606383213
"chrX",48650507,48650527,"non_Functional",0.580675286310916
"chrX",48650555,48650575,"non_Functional",0.0935415291764969
"chrX",48650567,48650587,"non_Functional",-0.0802061893192551
"chrX",48650568,48650588,"non_Functional",0.612389729897821
"chrX",48650594,48650614,"non_Functional",0.555648248814785
"chrX",48650595,48650615,"non_Functional",0.668850120851236
"chrX",48650678,48650698,"non_Functional",0.861647470164578
"chrX",48650753,48650773,"non_Functional",0.640614954717426
"chrX",48650765,48650785,"non_Functional",1.40924510908355
"chrX",48650770,48650790,"non_Functional",2.98821874456739
"chrX",48650837,48650857,"non_Functional",-0.193786988414504
"chrX",48650852,48650872,"non_Functional",0.135332002140179
"chrX",48650853,48650873,"non_Functional",0.555678087980949
"chrX",48650863,48650883,"non_Functional",1.42572864646583
"chrX",48650900,48650920,"non_Functional",1.29238520692386
"chrX",48650922,48650942,"non_Functional",1.37722329791696
"chrX",48650937,48650957,"non_Functional",-0.065684567338076
"chrX",48650950,48650970,"non_Functional",2.04765858806849
"chrX",48651076,48651096,"non_Functional",1.21311102561732
"chrX",48651139,48651159,"non_Functional",0.0306537694631657
"chrX",48651206,48651226,"non_Functional",2.0353605808164
"chrX",48651207,48651227,"non_Functional",1.12383871446643
"chrX",48651215,48651235,"non_Functional",1.04046155056575
"chrX",48651430,48651450,"non_Functional",0.682298994191925
"chrX",48651544,48651564,"non_Functional",-0.155624522567466
"chrX",48651575,48651595,"non_Functional",0.0134416401137458
"chrX",48651637,48651657,"non_Functional",-1.02690124453399
"chrX",48651766,48651786,"non_Functional",1.61765456174539
"chrX",48651893,48651913,"non_Functional",0.716470802854501
"chrX",48651972,48651992,"non_Functional",0.742766100636863
"chrX",48651975,48651995,"non_Functional",0.695494220151661
"chrX",48652023,48652043,"non_Functional",2.20726828580608
"chrX",48652190,48652210,"non_Functional",0.578704418469781
"chrX",48652346,48652366,"non_Functional",-0.471394630780196
"chrX",48652347,48652367,"non_Functional",-0.138207192613726
"chrX",48652372,48652392,"non_Functional",0.34134127017505
"chrX",48652401,48652421,"non_Functional",1.23697641340503
"chrX",48652402,48652422,"non_Functional",0.47860355697157
"chrX",48652403,48652423,"non_Functional",-0.844887296465516
"chrX",48652409,48652429,"non_Functional",-1.17649463740365
"chrX",48652413,48652433,"non_Functional",0.931902410453014
"chrX",48652468,48652488,"non_Functional",0.138469087422206
"chrX",48652477,48652497,"non_Functional",0.0220243417132394
"chrX",48652485,48652505,"non_Functional",1.53185550630279
"chrX",48652550,48652570,"non_Functional",-0.072692219982348
"chrX",48652578,48652598,"non_Functional",2.64341243316598
"chrX",48652589,48652609,"non_Functional",0.555851039222828
"chrX",48652657,48652677,"non_Functional",-0.157924935461471
"chrX",48652666,48652686,"non_Functional",1.17500510004692
"chrX",48652759,48652779,"non_Functional",0.583907410456984
"chrX",48652780,48652800,"non_Functional",0.283146151032261
"chrX",48652920,48652940,"non_Functional",0.0144221729912194
"chrX",48652929,48652949,"non_Functional",-0.564243278448761
"chrX",48653004,48653024,"non_Functional",0.462915194868112
"chrX",48653035,48653055,"non_Functional",-0.00363572608347557
"chrX",48653049,48653069,"non_Functional",0.351008838551128
"chrX",48653249,48653269,"non_Functional",-0.27129304477523
"chrX",48653356,48653376,"non_Functional",-0.397857179422226
"chrX",48653429,48653449,"non_Functional",-0.546614298028667
"chrX",48653598,48653618,"non_Functional",-1.0510567808696
"chrX",48653601,48653621,"non_Functional",0.987857168943362
"chrX",48653604,48653624,"non_Functional",-0.124221433136947
"chrX",48653606,48653626,"non_Functional",0.102568238927903
"chrX",48653617,48653637,"non_Functional",0.599536429443971
"chrX",48653676,48653696,"non_Functional",-0.180724001653693
"chrX",48653689,48653709,"non_Functional",0.741876154372111
"chrX",48653691,48653711,"non_Functional",-0.356586268324209
"chrX",48653742,48653762,"non_Functional",-0.219877055864421
"chrX",48654009,48654029,"non_Functional",0.587120043821052
"chrX",48654081,48654101,"non_Functional",0.603272054159539
"chrX",48654201,48654221,"non_Functional",0.531338860365892
"chrX",48654245,48654265,"non_Functional",0.261274530442286
"chrX",48654252,48654272,"non_Functional",0.414040463901885
"chrX",48654266,48654286,"non_Functional",-0.359695723664175
"chrX",48654395,48654415,"non_Functional",0.0983948200633433
"chrX",48654451,48654471,"non_Functional",-0.0291080261051472
"chrX",48654458,48654478,"non_Functional",-0.0217610197071598
"chrX",48654459,48654479,"non_Functional",0.937056339064287
"chrX",48654476,48654496,"non_Functional",0.0215365796658386
"chrX",48654489,48654509,"non_Functional",-0.370768763713993
"chrX",48654578,48654598,"non_Functional",0.0289190701806343
"chrX",48654579,48654599,"non_Functional",0.281423612459143
"chrX",48654613,48654633,"non_Functional",-0.179801377568614
"chrX",48654643,48654663,"non_Functional",-0.604035809969175
"chrX",48654677,48654697,"non_Functional",-0.12927248106075
"chrX",48654690,48654710,"non_Functional",-0.540071084335899
"chrX",48654699,48654719,"non_Functional",-0.682396872074106
"chrX",48654700,48654720,"non_Functional",-0.367226818116556
"chrX",48654896,48654916,"non_Functional",0.203411573535371
"chrX",48654928,48654948,"non_Functional",-0.211762797735807
"chrX",48655036,48655056,"non_Functional",0.458347702721442
"chrX",48655077,48655097,"non_Functional",-0.358397858682209
"chrX",48655081,48655101,"non_Functional",0.286842976139415
"chrX",48655093,48655113,"non_Functional",1.41418360307736
"chrX",48655112,48655132,"non_Functional",0.0593189737223912
"chrX",48655130,48655150,"non_Functional",0.30720764921271
"chrX",48655132,48655152,"non_Functional",0.104492004945186
"chrX",48655150,48655170,"non_Functional",-0.181160859234353
"chrX",48655178,48655198,"non_Functional",0.588892651310292
"chrX",48655711,48655731,"non_Functional",-0.184232654620136
"chrX",48655810,48655830,"non_Functional",-0.369308924475826
"chrX",48655816,48655836,"non_Functional",0.424642762234384
"chrX",48655819,48655839,"non_Functional",-0.241259027289542
"chrX",48655865,48655885,"non_Functional",0.0200345717256036
"chrX",48655883,48655903,"non_Functional",0.693515634007758
"chrX",48655923,48655943,"non_Functional",0.944475547945344
"chrX",48655924,48655944,"non_Functional",-0.0279192476251764
"chrX",48655935,48655955,"non_Functional",0.411612866295662
"chrX",48656058,48656078,"non_Functional",-0.107698658620595
"chrX",48656077,48656097,"non_Functional",0.492177982496952
"chrX",48656131,48656151,"non_Functional",0.436335499182369
"chrX",48656226,48656246,"non_Functional",0.301291914183318
"chrX",48656441,48656461,"non_Functional",1.30893850032473
"chrX",48656446,48656466,"non_Functional",0.228596995020089
"chrX",48656458,48656478,"non_Functional",0.0859262536926572
"chrX",48656464,48656484,"non_Functional",-0.179971856711526
"chrX",48656818,48656838,"non_Functional",-0.182599207396077
"chrX",48656895,48656915,"non_Functional",-0.415363128198439
"chrX",48657098,48657118,"non_Functional",-0.221098382394714
"chrX",48657197,48657217,"non_Functional",-0.277403720429656
"chrX",48657392,48657412,"non_Functional",0.393015780367796
"chrX",48657880,48657900,"non_Functional",-0.130324937131883
"chrX",48657952,48657972,"non_Functional",0.522632557840948
"chrX",48657957,48657977,"non_Functional",0.0614053635576339
"chrX",48657975,48657995,"non_Functional",0.0704801205560511
"chrX",48658398,48658418,"non_Functional",-0.385041627426495
"chrX",48658481,48658501,"non_Functional",0.261923414641942
"chrX",48658606,48658626,"non_Functional",1.11390486903315
"chrX",48658850,48658870,"non_Functional",1.57541021321035
"chrX",48658859,48658879,"non_Functional",3.85826379223978
"chrX",48658993,48659013,"non_Functional",1.23668988696077
"chrX",48659005,48659025,"non_Functional",1.45106389593602
"chrX",48659033,48659053,"non_Functional",2.44789959139692
"chrX",48659041,48659061,"non_Functional",3.25412637567374
"chrX",48659054,48659074,"non_Functional",4.30245772978286
"chrX",48659055,48659075,"non_Functional",2.19714158056361
"chrX",48659089,48659109,"non_Functional",2.85527351585794
"chrX",48659119,48659139,"non_Functional",1.17928249682465
"chrX",48659136,48659156,"non_Functional",2.84736362612398
"chrX",48659142,48659162,"non_Functional",3.40541957840068
"chrX",48659179,48659199,"non_Functional",4.62591994776633
"chrX",48659213,48659233,"non_Functional",3.39820612383464
"chrX",48659224,48659244,"non_Functional",2.01010724258052
"chrX",48659261,48659281,"non_Functional",1.04814705134079
"chrX",48659306,48659326,"non_Functional",1.91853447536312
"chrX",48659308,48659328,"non_Functional",1.89466745663195
"chrX",48659366,48659386,"non_Functional",1.9177504295798
"chrX",48659457,48659477,"non_Functional",-0.386041120444177
"chrX",48659556,48659576,"non_Functional",1.26423816081051
"chrX",48659594,48659614,"non_Functional",0.979737548487007
"chrX",48659607,48659627,"non_Functional",0.341287475913547
"chrX",48659720,48659740,"non_Functional",1.84820299180042
"chrX",48659744,48659764,"non_Functional",0.719486272812543
"chrX",48659751,48659771,"non_Functional",2.46177510955001
"chrX",48659792,48659812,"non_Functional",-0.124394843203473
"chrX",48659799,48659819,"non_Functional",-0.148723618217846
"chrX",48659808,48659828,"non_Functional",-0.468092802731547
"chrX",48659810,48659830,"non_Functional",-0.0537637737924165
"chrX",48659901,48659921,"non_Functional",-0.0886640769161994
"chrX",48659902,48659922,"non_Functional",0.172957971443814
"chrX",48659930,48659950,"non_Functional",1.11333246430594
"chrX",48659931,48659951,"non_Functional",-0.168766561689896
"chrX",48659952,48659972,"non_Functional",-0.669113055198497
"chrX",48659953,48659973,"non_Functional",1.15785753934115
"chrX",48659985,48660005,"non_Functional",0.188470752671284
"chrX",48659994,48660014,"non_Functional",-0.0257517562214052
"chrX",48659995,48660015,"non_Functional",0.167597734444173
"chrX",48660001,48660021,"non_Functional",0.558480542847052
"chrX",48660022,48660042,"non_Functional",0.0351565693593142
"chrX",48660081,48660101,"non_Functional",0.489700356954727
"chrX",48660089,48660109,"non_Functional",1.117477195076
"chrX",48660106,48660126,"non_Functional",0.219060574573498
"chrX",48660136,48660156,"non_Functional",0.423193642615806
"chrX",48660153,48660173,"non_Functional",-0.501595627959338
"chrX",48660188,48660208,"non_Functional",-0.122867489552642
"chrX",48660189,48660209,"non_Functional",0.327180382811032
"chrX",48660200,48660220,"non_Functional",-0.219873116976342
"chrX",48660287,48660307,"non_Functional",-0.843145012492962
"chrX",48660329,48660349,"non_Functional",-0.3708036904791
"chrX",48660339,48660359,"non_Functional",0.338629264601372
"chrX",48660355,48660375,"non_Functional",0.0497213545188387
"chrX",48660391,48660411,"non_Functional",0.612526413565734
"chrX",48660397,48660417,"non_Functional",-0.385533245908588
"chrX",48660407,48660427,"non_Functional",-0.0156468979902863
"chrX",48660425,48660445,"non_Functional",1.34059821011844
"chrX",48660429,48660449,"non_Functional",1.37701198837376
"chrX",48660435,48660455,"non_Functional",0.0489549549876696
"chrX",48660440,48660460,"non_Functional",-0.260147216874693
"chrX",48660465,48660485,"non_Functional",1.0313665635137
"chrX",48660503,48660523,"non_Functional",-0.591559095878575
"chrX",48660505,48660525,"non_Functional",-0.0944911935235643
"chrX",48660508,48660528,"non_Functional",0.969076952142824
"chrX",48660515,48660535,"non_Functional",0.378442353197883
"chrX",48660548,48660568,"non_Functional",0.629948149310394
"chrX",48660549,48660569,"non_Functional",-0.188540403292243
"chrX",48660574,48660594,"non_Functional",0.0854725435132977
"chrX",48660577,48660597,"non_Functional",0.2153157225109
"chrX",48660589,48660609,"non_Functional",0.0499940035451957
"chrX",48660595,48660615,"non_Functional",0.29931543597503
"chrX",48660596,48660616,"non_Functional",0.845345702900379
"chrX",48660601,48660621,"non_Functional",-0.0875464768864585
"chrX",48660619,48660639,"non_Functional",-0.358334873286893
"chrX",48660624,48660644,"non_Functional",-0.248218840587863
"chrX",48660636,48660656,"non_Functional",0.00216150653597792
"chrX",48660644,48660664,"non_Functional",-0.372108021118873
"chrX",48660657,48660677,"non_Functional",0.669622514820529
"chrX",48660657,48660677,"non_Functional",-0.266842066329002
"chrX",48660674,48660694,"non_Functional",-0.702025037049159
"chrX",48660679,48660699,"non_Functional",-0.73724780642873
"chrX",48660700,48660720,"non_Functional",0.225695611034919
"chrX",48660707,48660727,"non_Functional",0.258395866347457
"chrX",48660746,48660766,"non_Functional",-0.121569255389646
"chrX",48660761,48660781,"non_Functional",-1.21112500552757
"chrX",48660776,48660796,"non_Functional",-0.45415231036317
"chrX",48660777,48660797,"non_Functional",0.0223754522157703
"chrX",48660779,48660799,"non_Functional",0.0298784147567135
"chrX",48660798,48660818,"non_Functional",-0.206653722061104
"chrX",48660799,48660819,"non_Functional",-0.0955230399255936
"chrX",48660830,48660850,"non_Functional",-0.323262477062061
"chrX",48660831,48660851,"non_Functional",1.00523740425308
"chrX",48660845,48660865,"non_Functional",0.438990277520627
"chrX",48660941,48660961,"non_Functional",-0.723096425579473
"chrX",48660946,48660966,"non_Functional",0.149590056026126
"chrX",48661065,48661085,"non_Functional",-0.206441531016719
"chrX",48661091,48661111,"non_Functional",-0.393615071948393
"chrX",48661094,48661114,"non_Functional",0.447871466232101
"chrX",48661106,48661126,"non_Functional",0.878948200262566
"chrX",48661112,48661132,"non_Functional",-0.309343150932892
"chrX",48661116,48661136,"non_Functional",0.191086503831346
"chrX",48661152,48661172,"non_Functional",-0.330433884717063
"chrX",48661159,48661179,"non_Functional",1.4063957752913
"chrX",48661160,48661180,"non_Functional",0.705856678493741
"chrX",48661181,48661201,"non_Functional",0.294044484279479
"chrX",48661197,48661217,"non_Functional",0.452151524157179
"chrX",48661227,48661247,"non_Functional",-0.29387906708243
"chrX",48661307,48661327,"non_Functional",0.979507737288298
"chrX",48661351,48661371,"non_Functional",-0.131130592947544
"chrX",48661379,48661399,"non_Functional",0.16193807291616
"chrX",48661392,48661412,"non_Functional",-0.287910423256838
"chrX",48661454,48661474,"non_Functional",0.491269394830384
"chrX",48661469,48661489,"non_Functional",-0.552621931543937
"chrX",48661470,48661490,"non_Functional",-0.0288035089301109
"chrX",48661539,48661559,"non_Functional",-0.485840392868383
"chrX",48661560,48661580,"non_Functional",-0.100807815228778
"chrX",48661716,48661736,"non_Functional",0.391068880933278
"chrX",48661742,48661762,"non_Functional",0.13853932657325
"chrX",48661862,48661882,"non_Functional",-0.275293827339669
"chrX",48661863,48661883,"non_Functional",0.249578809524594
"chrX",48661926,48661946,"non_Functional",-0.183279266819076
"chrX",48661948,48661968,"non_Functional",-2.33744344257579
"chrX",48661967,48661987,"non_Functional",-0.138841441160354
"chrX",48661976,48661996,"non_Functional",-0.277884678850717
"chrX",48662018,48662038,"non_Functional",-0.639134570433315
"chrX",48662168,48662188,"non_Functional",-0.128476857928143
"chrX",48662215,48662235,"non_Functional",0.254818917311398
"chrX",48662695,48662715,"non_Functional",-0.267296340173618
"chrX",48662755,48662775,"non_Functional",-0.170605102169949
"chrX",48662756,48662776,"non_Functional",0.66374592112222
"chrX",48662793,48662813,"non_Functional",-0.0186000397033933
"chrX",48662886,48662906,"non_Functional",-0.117288846168449
"chrX",48663307,48663327,"non_Functional",-0.0593852098891586
"chrX",48663332,48663352,"non_Functional",-0.628145232971954
"chrX",48663402,48663422,"non_Functional",-0.545059180527987
"chrX",48663460,48663480,"non_Functional",0.774842728128806
"chrX",48663475,48663495,"non_Functional",-0.3591260738925
"chrX",48663519,48663539,"non_Functional",-0.746560208654571
"chrX",48663537,48663557,"non_Functional",-1.05808623026727
"chrX",48663631,48663651,"non_Functional",-0.0660124040923391
"chrX",48663694,48663714,"non_Functional",-0.44416973445706
"chrX",48663811,48663831,"non_Functional",-0.471680180214637
"chrX",48663843,48663863,"non_Functional",-0.150445539092477
"chrX",48663907,48663927,"non_Functional",-0.115334961247765
"chrX",48663912,48663932,"non_Functional",-0.132425379569487
"chrX",48663924,48663944,"non_Functional",-0.0432593228913418
"chrX",48663933,48663953,"non_Functional",-0.363984214894557
"chrX",48663961,48663981,"non_Functional",-0.390277787709901
"chrX",48663977,48663997,"non_Functional",0.488728376149923
"chrX",48663993,48664013,"non_Functional",0.344094098130334
"chrX",48664084,48664104,"non_Functional",-0.138111944151543
"chrX",48664202,48664222,"non_Functional",-0.333398820943813
"chrX",48664212,48664232,"non_Functional",-0.0553142669672365
"chrX",48664336,48664356,"non_Functional",-0.0216628553379181
"chrX",48664373,48664393,"non_Functional",-0.0811599668045751
"chrX",48664412,48664432,"non_Functional",-0.185842075629932
"chrX",48664433,48664453,"non_Functional",-0.254711659822769
"chrX",48664544,48664564,"non_Functional",-0.340468179659557
"chrX",48664565,48664585,"non_Functional",-0.0741998113895004
"chrX",48664566,48664586,"non_Functional",0.358749246582507
"chrX",48664652,48664672,"non_Functional",0.0598581924864574
"chrX",48664682,48664702,"non_Functional",0.270284606163386
"chrX",48664709,48664729,"non_Functional",-0.325637479291144
"chrX",48664710,48664730,"non_Functional",0.562070934399584
"chrX",48664870,48664890,"non_Functional",-0.225403117665207
"chrX",48664875,48664895,"non_Functional",0.422740613907988
"chrX",48664892,48664912,"non_Functional",0.168669057223532
"chrX",48665056,48665076,"non_Functional",-0.427119157390657
"chrX",48665058,48665078,"non_Functional",-0.414815259267718
"chrX",48665080,48665100,"non_Functional",0.656683037170633
"chrX",48665091,48665111,"non_Functional",-0.265170152539975
"chrX",48665254,48665274,"non_Functional",-0.28334134488747
"chrX",48665448,48665468,"non_Functional",0.78041621330911
"chrX",48665689,48665709,"non_Functional",-0.29353634062475
"chrX",48666293,48666313,"non_Functional",-0.00264243749035974
"chrX",48666315,48666335,"non_Functional",-0.0899713440255195
"chrX",48666326,48666346,"non_Functional",1.13385155507847
"chrX",48666348,48666368,"non_Functional",-0.145568925460261
"chrX",48666437,48666457,"non_Functional",0.113700026453274
"chrX",48666438,48666458,"non_Functional",1.23388162280318
"chrX",48666455,48666475,"non_Functional",0.117845653735347
"chrX",48666459,48666479,"non_Functional",0.301221373424795
"chrX",48666611,48666631,"non_Functional",-0.405503493425432
"chrX",48666670,48666690,"non_Functional",-0.951524981542108
"chrX",48666674,48666694,"non_Functional",0.115235243225672
"chrX",48666731,48666751,"non_Functional",-1.21177303357629
"chrX",48666732,48666752,"non_Functional",-0.515029295058947
"chrX",48666733,48666753,"non_Functional",-0.265357440940917
"chrX",48666848,48666868,"non_Functional",-0.521100753190221
"chrX",48667350,48667370,"non_Functional",0.330698365867477
"chrX",48667482,48667502,"non_Functional",0.0657782039811377
"chrX",48667661,48667681,"non_Functional",0.417947204648444
"chrX",48668967,48668987,"non_Functional",-0.0874788562857909
"chrX",48669861,48669881,"non_Functional",0.17936113774528
"chrX",48669946,48669966,"non_Functional",-0.392658969231688
"chrX",48669953,48669973,"non_Functional",-0.122361741720629
"chrX",48669974,48669994,"non_Functional",-0.148105303223289
"chrX",48669975,48669995,"non_Functional",-0.41415895566878
"chrX",48669987,48670007,"non_Functional",-0.184748638105414
"chrX",48669997,48670017,"non_Functional",-0.0527856726309881
"chrX",48670008,48670028,"non_Functional",-0.786580460984833
"chrX",48670052,48670072,"non_Functional",-0.0937295189861743
"chrX",48670334,48670354,"non_Functional",0.0858244961089188
"chrX",48670879,48670899,"non_Functional",-0.265112913970767
"chrX",48670889,48670909,"non_Functional",-0.521812406019248
"chrX",48670945,48670965,"non_Functional",0.423283805163967
"chrX",48671617,48671637,"non_Functional",-0.852472426773937
"chrX",48671948,48671968,"non_Functional",-0.0700532079897578
"chrX",48672007,48672027,"non_Functional",0.298352160687186
"chrX",48672008,48672028,"non_Functional",-0.669253209904975
"chrX",48672111,48672131,"non_Functional",-0.428789978249934
"chrX",48672153,48672173,"non_Functional",-0.333204750230321
"chrX",48672240,48672260,"non_Functional",0.00815425553380465
"chrX",48672243,48672263,"non_Functional",0.599414420615221
"chrX",48672282,48672302,"non_Functional",-0.0222444108576812
"chrX",48672288,48672308,"non_Functional",-0.178549835539303
"chrX",48672316,48672336,"non_Functional",1.15916959174323
"chrX",48672350,48672370,"non_Functional",0.179215232065487
"chrX",48672352,48672372,"non_Functional",-0.0862494574763285
"chrX",48672365,48672385,"non_Functional",0.178805664774531
"chrX",48672383,48672403,"non_Functional",-0.462298815593941
"chrX",48672482,48672502,"non_Functional",-0.837811413953939
"chrX",48672515,48672535,"non_Functional",-0.156695515608099
"chrX",48672534,48672554,"non_Functional",0.686776540208177
"chrX",48672535,48672555,"non_Functional",-0.450535665639897
"chrX",48672546,48672566,"non_Functional",-0.367846091646033
"chrX",48672765,48672785,"non_Functional",0.0272901060282104
"chrX",48672869,48672889,"non_Functional",-0.251191158937988
"chrX",48672904,48672924,"non_Functional",-0.0194991907561885
"chrX",48672920,48672940,"non_Functional",-0.202603697379436
"chrX",48672944,48672964,"non_Functional",-0.329724195893252
"chrX",48672972,48672992,"non_Functional",-0.0714863581840972
"chrX",48672999,48673019,"non_Functional",-0.284156885792128
"chrX",48673016,48673036,"non_Functional",-0.144774437854183
"chrX",48673021,48673041,"non_Functional",0.167942932940427
"chrX",48673131,48673151,"non_Functional",-0.560867240066128
"chrX",48673175,48673195,"non_Functional",-0.137117048211643
"chrX",48673183,48673203,"non_Functional",-0.115205297942043
"chrX",48673239,48673259,"non_Functional",-0.19439491829366
"chrX",48673267,48673287,"non_Functional",-0.0313657424691622
"chrX",48673315,48673335,"non_Functional",-0.626506602175326
"chrX",48673363,48673383,"non_Functional",-0.00345068480802506
"chrX",48673365,48673385,"non_Functional",-0.179006813846214
"chrX",48673367,48673387,"non_Functional",-0.274938468087765
"chrX",48673367,48673387,"non_Functional",-0.603941168514807
"chrX",48673371,48673391,"non_Functional",-0.339623074342983
"chrX",48673381,48673401,"non_Functional",-0.578872402042815
"chrX",48673389,48673409,"non_Functional",-0.447962678483292
"chrX",48673496,48673516,"non_Functional",-0.139738438684752
"chrX",48673654,48673674,"non_Functional",-0.195036518324381
"chrX",48673740,48673760,"non_Functional",-0.823155488393831
"chrX",48673741,48673761,"non_Functional",0.0963628951907023
"chrX",48673782,48673802,"non_Functional",0.354476775097552
"chrX",48673788,48673808,"non_Functional",-0.278275944278351
"chrX",48673829,48673849,"non_Functional",-0.199852806742415
"chrX",48673845,48673865,"non_Functional",-1.69316540391066
"chrX",48673849,48673869,"non_Functional",0.082361322620998
"chrX",48673858,48673878,"non_Functional",-0.208070402874509
"chrX",48674008,48674028,"non_Functional",0.549410269009761
"chrX",48674017,48674037,"non_Functional",-0.428179336295293
"chrX",48674078,48674098,"non_Functional",0.415151139000166
"chrX",48674079,48674099,"non_Functional",-0.340923197143087
"chrX",48674099,48674119,"non_Functional",0.0466888544847823
"chrX",48674239,48674259,"non_Functional",-0.397356636735999
"chrX",48674243,48674263,"non_Functional",0.339574823712082
"chrX",48674294,48674314,"non_Functional",0.110654365109827
"chrX",48674321,48674341,"non_Functional",0.358964848143352
"chrX",48674375,48674395,"non_Functional",-0.107125807383598
"chrX",48674432,48674452,"non_Functional",-0.320192860748457
"chrX",48674472,48674492,"non_Functional",1.00005262997509
"chrX",48674489,48674509,"non_Functional",0.245940524009721
"chrX",48674501,48674521,"non_Functional",-0.0302348185055697
"chrX",48674506,48674526,"non_Functional",-0.0273766863742819
"chrX",48674507,48674527,"non_Functional",0.682772113813851
"chrX",48674528,48674548,"non_Functional",0.126141557255456
"chrX",48674577,48674597,"non_Functional",-0.196949519683353
"chrX",48674703,48674723,"non_Functional",0.548497157375186
"chrX",48674710,48674730,"non_Functional",-0.378038761630507
"chrX",48674711,48674731,"non_Functional",-0.291771177416878
"chrX",48674737,48674757,"non_Functional",-0.0491842188462571
"chrX",48674738,48674758,"non_Functional",0.408822706136635
"chrX",48674763,48674783,"non_Functional",-0.198386966332641
"chrX",48674783,48674803,"non_Functional",0.192631958035005
"chrX",48674788,48674808,"non_Functional",-0.600301405667021
"chrX",48674845,48674865,"non_Functional",-0.219734643811767
"chrX",48674863,48674883,"non_Functional",-0.35853025283226
"chrX",48674942,48674962,"non_Functional",0.275064653662575
"chrX",48674954,48674974,"non_Functional",0.127614737300993
"chrX",48674967,48674987,"non_Functional",0.719585747909545
"chrX",48674977,48674997,"non_Functional",-0.253686939293664
"chrX",48674981,48675001,"non_Functional",-0.718705203204237
"chrX",48675113,48675133,"non_Functional",-0.433574395920196
"chrX",48675744,48675764,"non_Functional",1.21182579637754
"chrX",48675774,48675794,"non_Functional",-0.652256996617623
"chrX",48675832,48675852,"non_Functional",-0.203884186436265
"chrX",48675836,48675856,"non_Functional",-0.493316097002547
"chrX",48675841,48675861,"non_Functional",0.37489997655761
"chrX",48675842,48675862,"non_Functional",0.260191844827525
"chrX",48675858,48675878,"non_Functional",0.21793032446819
"chrX",48675903,48675923,"non_Functional",-0.462414717541942
"chrX",48675927,48675947,"non_Functional",-0.264027590001722
"chrX",48675928,48675948,"non_Functional",-0.75190972402714
"chrX",48675993,48676013,"non_Functional",0.0616586394246079
"chrX",48676020,48676040,"non_Functional",0.022679560596583
"chrX",48676052,48676072,"non_Functional",-0.5435406426513
"chrX",48676057,48676077,"non_Functional",0.0740237315751101
"chrX",48676059,48676079,"non_Functional",-0.0246228598896056
"chrX",48676075,48676095,"non_Functional",0.055864525939691
"chrX",48676096,48676116,"non_Functional",-0.451758735579876
"chrX",48676160,48676180,"non_Functional",0.192424240163609
"chrX",48676173,48676193,"non_Functional",1.28700354078476
"chrX",48676195,48676215,"non_Functional",0.28268003757981
"chrX",48676196,48676216,"non_Functional",0.110683436058826
"chrX",48676232,48676252,"non_Functional",0.397614596023795
"chrX",48676265,48676285,"non_Functional",0.347571919224131
"chrX",48676265,48676285,"non_Functional",-0.0421369001472398
"chrX",48676266,48676286,"non_Functional",0.192722650054082
"chrX",48676283,48676303,"non_Functional",0.00489509905940652
"chrX",48676346,48676366,"non_Functional",-0.535463702815234
"chrX",48676369,48676389,"non_Functional",-0.520047468792292
"chrX",48676396,48676416,"non_Functional",0.126723004266035
"chrX",48676407,48676427,"non_Functional",-0.388365280888236
"chrX",48676453,48676473,"non_Functional",-0.177037324585258
"chrX",48676457,48676477,"non_Functional",-0.524443259383595
"chrX",48676474,48676494,"non_Functional",-0.243301760391848
"chrX",48676533,48676553,"non_Functional",-0.256283622442936
"chrX",48676550,48676570,"non_Functional",-0.876110575375737
"chrX",48676551,48676571,"non_Functional",0.103213622680018
"chrX",48676552,48676572,"non_Functional",-0.267221384571022
"chrX",48676558,48676578,"non_Functional",-0.301623464739044
"chrX",48676588,48676608,"non_Functional",-0.0368072697473566
"chrX",48676593,48676613,"non_Functional",0.942108072096313
"chrX",48676643,48676663,"non_Functional",-0.665885117925073
"chrX",48676676,48676696,"non_Functional",-0.26751474188122
"chrX",48676684,48676704,"non_Functional",0.208276437624596
"chrX",48676688,48676708,"non_Functional",0.258961423207923
"chrX",48676724,48676744,"non_Functional",-0.237058242148642
"chrX",48676757,48676777,"non_Functional",-1.05875664010051
"chrX",48676758,48676778,"non_Functional",0.51013820667321
"chrX",48676787,48676807,"non_Functional",0.346383182580749
"chrX",48676797,48676817,"non_Functional",-0.19196952063787
"chrX",48676808,48676828,"non_Functional",-0.315111099240255
"chrX",48676913,48676933,"non_Functional",0.016581895235613
"chrX",48676920,48676940,"non_Functional",-0.109456479500589
"chrX",48676940,48676960,"non_Functional",-0.806135153291398
"chrX",48676941,48676961,"non_Functional",-0.395883010162337
"chrX",48677071,48677091,"non_Functional",-0.104151649505379
"chrX",48677151,48677171,"non_Functional",0.383801614893149
"chrX",48677155,48677175,"non_Functional",0.90071195263427
"chrX",48677282,48677302,"non_Functional",-0.87288521363428
"chrX",48677374,48677394,"non_Functional",0.612899380735602
"chrX",48677384,48677404,"non_Functional",1.48856562965243
"chrX",48677389,48677409,"non_Functional",-0.585919721434884
"chrX",48677453,48677473,"non_Functional",0.0245718603671513
"chrX",48677532,48677552,"non_Functional",0.0014483862217288
"chrX",48677840,48677860,"non_Functional",-0.196963485863605
"chrX",48677842,48677862,"non_Functional",-0.801753965883342
"chrX",48678432,48678452,"non_Functional",-0.356546930971099
"chrX",48678473,48678493,"non_Functional",-0.376585302290169
"chrX",48678505,48678525,"non_Functional",0.922451397642926
"chrX",48678505,48678525,"non_Functional",-0.231620437658365
"chrX",48678511,48678531,"non_Functional",0.307455229234731
"chrX",48678521,48678541,"non_Functional",0.513004941857164
"chrX",48678521,48678541,"non_Functional",0.0704436661608496
"chrX",48678539,48678559,"non_Functional",-0.045934751650701
"chrX",48678551,48678571,"non_Functional",0.948856072858519
"chrX",48678562,48678582,"non_Functional",-0.599401920945777
"chrX",48678569,48678589,"non_Functional",0.226880106654311
"chrX",48678574,48678594,"non_Functional",0.268956337782426
"chrX",48678575,48678595,"non_Functional",-0.341949277970638
"chrX",48678593,48678613,"non_Functional",-0.741635419466889
"chrX",48678631,48678651,"non_Functional",0.00378276650214968
"chrX",48678636,48678656,"non_Functional",0.0998684617856972
"chrX",48678741,48678761,"non_Functional",-0.141582715584333
"chrX",48678972,48678992,"non_Functional",0.142794229658932
"chrX",48679070,48679090,"non_Functional",-0.662767466710936
"chrX",48679176,48679196,"non_Functional",-0.323807350901919
